USE Practica2;

-- Datos de la TABLA categoria
INSERT INTO categoria (`id`,`nombre`) VALUES (1,'Baseplates');
INSERT INTO categoria (`id`,`nombre`) VALUES (2,'Bricks Printed');
INSERT INTO categoria (`id`,`nombre`) VALUES (3,'Bricks Sloped');
INSERT INTO categoria (`id`,`nombre`) VALUES (4,'Duplo, Quatro and Primo');
INSERT INTO categoria (`id`,`nombre`) VALUES (5,'Bricks Special');
INSERT INTO categoria (`id`,`nombre`) VALUES (6,'Bricks Wedged');
INSERT INTO categoria (`id`,`nombre`) VALUES (7,'Containers');
INSERT INTO categoria (`id`,`nombre`) VALUES (8,'Technic Bricks');
INSERT INTO categoria (`id`,`nombre`) VALUES (9,'Plates Special');
INSERT INTO categoria (`id`,`nombre`) VALUES (10,'Tiles Printed');
INSERT INTO categoria (`id`,`nombre`) VALUES (11,'Bricks');
INSERT INTO categoria (`id`,`nombre`) VALUES (12,'Technic Connectors');
INSERT INTO categoria (`id`,`nombre`) VALUES (13,'Minifigs');
INSERT INTO categoria (`id`,`nombre`) VALUES (14,'Plates');
INSERT INTO categoria (`id`,`nombre`) VALUES (15,'Tiles Special');
INSERT INTO categoria (`id`,`nombre`) VALUES (16,'Windows and Doors');
INSERT INTO categoria (`id`,`nombre`) VALUES (17,'Non-LEGO');
INSERT INTO categoria (`id`,`nombre`) VALUES (18,'Hinges, Arms and Turntables');
INSERT INTO categoria (`id`,`nombre`) VALUES (19,'Tiles');
INSERT INTO categoria (`id`,`nombre`) VALUES (20,'Bricks Round and Cones');
INSERT INTO categoria (`id`,`nombre`) VALUES (21,'Plates Round and Dishes');
INSERT INTO categoria (`id`,`nombre`) VALUES (22,'Pneumatics');
INSERT INTO categoria (`id`,`nombre`) VALUES (23,'Panels');
INSERT INTO categoria (`id`,`nombre`) VALUES (24,'Other');
INSERT INTO categoria (`id`,`nombre`) VALUES (25,'Technic Steering, Suspension and Engine');
INSERT INTO categoria (`id`,`nombre`) VALUES (26,'Technic Special');
INSERT INTO categoria (`id`,`nombre`) VALUES (27,'Minifig Accessories');
INSERT INTO categoria (`id`,`nombre`) VALUES (28,'Plants and Animals');
INSERT INTO categoria (`id`,`nombre`) VALUES (29,'Wheels and Tyres');
INSERT INTO categoria (`id`,`nombre`) VALUES (30,'Tubes and Hoses');
INSERT INTO categoria (`id`,`nombre`) VALUES (31,'String, Bands and Reels');
INSERT INTO categoria (`id`,`nombre`) VALUES (32,'Bars, Ladders and Fences');
INSERT INTO categoria (`id`,`nombre`) VALUES (33,'Rock');
INSERT INTO categoria (`id`,`nombre`) VALUES (34,'Supports, Girders and Cranes');
INSERT INTO categoria (`id`,`nombre`) VALUES (35,'Transportation - Sea and Air');
INSERT INTO categoria (`id`,`nombre`) VALUES (36,'Transportation - Land');
INSERT INTO categoria (`id`,`nombre`) VALUES (37,'Bricks Curved');
INSERT INTO categoria (`id`,`nombre`) VALUES (38,'Flags, Signs, Plastics and Cloth');
INSERT INTO categoria (`id`,`nombre`) VALUES (39,'Magnets and Holders');
INSERT INTO categoria (`id`,`nombre`) VALUES (40,'Technic Panels');
INSERT INTO categoria (`id`,`nombre`) VALUES (41,'Bionicle, Hero Factory and Constraction');
INSERT INTO categoria (`id`,`nombre`) VALUES (42,'Belville, Scala and Fabuland');
INSERT INTO categoria (`id`,`nombre`) VALUES (43,'Znap');
INSERT INTO categoria (`id`,`nombre`) VALUES (44,'Mechanical');
INSERT INTO categoria (`id`,`nombre`) VALUES (45,'Power Functions, Mindstorms and Electric');
INSERT INTO categoria (`id`,`nombre`) VALUES (46,'Technic Axles');
INSERT INTO categoria (`id`,`nombre`) VALUES (47,'Windscreens and Fuselage');
INSERT INTO categoria (`id`,`nombre`) VALUES (48,'Clikits');
INSERT INTO categoria (`id`,`nombre`) VALUES (49,'Plates Angled');
INSERT INTO categoria (`id`,`nombre`) VALUES (50,'HO Scale');
INSERT INTO categoria (`id`,`nombre`) VALUES (51,'Technic Beams');
INSERT INTO categoria (`id`,`nombre`) VALUES (52,'Technic Gears');
INSERT INTO categoria (`id`,`nombre`) VALUES (53,'Technic Pins');
INSERT INTO categoria (`id`,`nombre`) VALUES (54,'Technic Bushes');
INSERT INTO categoria (`id`,`nombre`) VALUES (55,'Technic Beams Special');
INSERT INTO categoria (`id`,`nombre`) VALUES (56,'Tools');
INSERT INTO categoria (`id`,`nombre`) VALUES (57,'Non-Buildable Figures (Duplo, Fabuland, etc)');

-- Datos de la TABLA color
INSERT INTO color (`id`,`nombre`,`rgb`,`es_transparente`) VALUES (0,'Black','05131D','f');
INSERT INTO color (`id`,`nombre`,`rgb`,`es_transparente`) VALUES (1,'Blue','0055BF','f');
INSERT INTO color (`id`,`nombre`,`rgb`,`es_transparente`) VALUES (2,'Green','237841','f');
INSERT INTO color (`id`,`nombre`,`rgb`,`es_transparente`) VALUES (3,'Dark Turquoise','008F9B','f');
INSERT INTO color (`id`,`nombre`,`rgb`,`es_transparente`) VALUES (4,'Red','C91A09','f');
INSERT INTO color (`id`,`nombre`,`rgb`,`es_transparente`) VALUES (5,'Dark Pink','C870A0','f');
INSERT INTO color (`id`,`nombre`,`rgb`,`es_transparente`) VALUES (6,'Brown','583927','f');
INSERT INTO color (`id`,`nombre`,`rgb`,`es_transparente`) VALUES (7,'Light Gray','9BA19D','f');
INSERT INTO color (`id`,`nombre`,`rgb`,`es_transparente`) VALUES (8,'Dark Gray','6D6E5C','f');
INSERT INTO color (`id`,`nombre`,`rgb`,`es_transparente`) VALUES (9,'Light Blue','B4D2E3','f');
INSERT INTO color (`id`,`nombre`,`rgb`,`es_transparente`) VALUES (10,'Bright Green','4B9F4A','f');
INSERT INTO color (`id`,`nombre`,`rgb`,`es_transparente`) VALUES (11,'Light Turquoise','55A5AF','f');
INSERT INTO color (`id`,`nombre`,`rgb`,`es_transparente`) VALUES (12,'Salmon','F2705E','f');
INSERT INTO color (`id`,`nombre`,`rgb`,`es_transparente`) VALUES (13,'Pink','FC97AC','f');
INSERT INTO color (`id`,`nombre`,`rgb`,`es_transparente`) VALUES (14,'Yellow','F2CD37','f');
INSERT INTO color (`id`,`nombre`,`rgb`,`es_transparente`) VALUES (15,'White','FFFFFF','f');
INSERT INTO color (`id`,`nombre`,`rgb`,`es_transparente`) VALUES (17,'Light Green','C2DAB8','f');
INSERT INTO color (`id`,`nombre`,`rgb`,`es_transparente`) VALUES (18,'Light Yellow','FBE696','f');
INSERT INTO color (`id`,`nombre`,`rgb`,`es_transparente`) VALUES (19,'Tan','E4CD9E','f');
INSERT INTO color (`id`,`nombre`,`rgb`,`es_transparente`) VALUES (20,'Light Violet','C9CAE2','f');
INSERT INTO color (`id`,`nombre`,`rgb`,`es_transparente`) VALUES (21,'Glow In Dark Opaque','D4D5C9','f');
INSERT INTO color (`id`,`nombre`,`rgb`,`es_transparente`) VALUES (22,'Purple','81007B','f');
INSERT INTO color (`id`,`nombre`,`rgb`,`es_transparente`) VALUES (23,'Dark Blue-Violet','2032B0','f');
INSERT INTO color (`id`,`nombre`,`rgb`,`es_transparente`) VALUES (25,'Orange','FE8A18','f');
INSERT INTO color (`id`,`nombre`,`rgb`,`es_transparente`) VALUES (26,'Magenta','923978','f');
INSERT INTO color (`id`,`nombre`,`rgb`,`es_transparente`) VALUES (27,'Lime','BBE90B','f');
INSERT INTO color (`id`,`nombre`,`rgb`,`es_transparente`) VALUES (28,'Dark Tan','958A73','f');
INSERT INTO color (`id`,`nombre`,`rgb`,`es_transparente`) VALUES (29,'Bright Pink','E4ADC8','f');
INSERT INTO color (`id`,`nombre`,`rgb`,`es_transparente`) VALUES (30,'Medium Lavender','AC78BA','f');
INSERT INTO color (`id`,`nombre`,`rgb`,`es_transparente`) VALUES (31,'Lavender','E1D5ED','f');
INSERT INTO color (`id`,`nombre`,`rgb`,`es_transparente`) VALUES (32,'Trans-Black IR Lens','635F52','t');
INSERT INTO color (`id`,`nombre`,`rgb`,`es_transparente`) VALUES (33,'Trans-Dark Blue','0020A0','t');
INSERT INTO color (`id`,`nombre`,`rgb`,`es_transparente`) VALUES (34,'Trans-Green','84B68D','t');
INSERT INTO color (`id`,`nombre`,`rgb`,`es_transparente`) VALUES (35,'Trans-Bright Green','D9E4A7','t');
INSERT INTO color (`id`,`nombre`,`rgb`,`es_transparente`) VALUES (36,'Trans-Red','C91A09','t');
INSERT INTO color (`id`,`nombre`,`rgb`,`es_transparente`) VALUES (40,'Trans-Black','635F52','t');
INSERT INTO color (`id`,`nombre`,`rgb`,`es_transparente`) VALUES (41,'Trans-Light Blue','AEEFEC','t'); 
INSERT INTO color (`id`,`nombre`,`rgb`,`es_transparente`) VALUES (42,'Trans-Neon Green','F8F184','t');
INSERT INTO color (`id`,`nombre`,`rgb`,`es_transparente`) VALUES (43,'Trans-Very Lt Blue','C1DFF0','t');
INSERT INTO color (`id`,`nombre`,`rgb`,`es_transparente`) VALUES (45,'Trans-Dark Pink','DF6695','t');
INSERT INTO color (`id`,`nombre`,`rgb`,`es_transparente`) VALUES (46,'Trans-Yellow','F5CD2F','t');
INSERT INTO color (`id`,`nombre`,`rgb`,`es_transparente`) VALUES (47,'Trans-Clear','FCFCFC','t');
INSERT INTO color (`id`,`nombre`,`rgb`,`es_transparente`) VALUES (52,'Trans-Purple','A5A5CB','t');
INSERT INTO color (`id`,`nombre`,`rgb`,`es_transparente`) VALUES (54,'Trans-Neon Yellow','DAB000','t');
INSERT INTO color (`id`,`nombre`,`rgb`,`es_transparente`) VALUES (57,'Trans-Neon Orange','FF800D','t');
INSERT INTO color (`id`,`nombre`,`rgb`,`es_transparente`) VALUES (60,'Chrome Antique Brass','645A4C','f');
INSERT INTO color (`id`,`nombre`,`rgb`,`es_transparente`) VALUES (61,'Chrome Blue','6C96BF','f');
INSERT INTO color (`id`,`nombre`,`rgb`,`es_transparente`) VALUES (62,'Chrome Green','3CB371','f');
INSERT INTO color (`id`,`nombre`,`rgb`,`es_transparente`) VALUES (63,'Chrome Pink','AA4D8E','f');
INSERT INTO color (`id`,`nombre`,`rgb`,`es_transparente`) VALUES (64,'Chrome Black','1B2A34','f');
INSERT INTO color (`id`,`nombre`,`rgb`,`es_transparente`) VALUES (68,'Very Light Orange','F3CF9B','f');
INSERT INTO color (`id`,`nombre`,`rgb`,`es_transparente`) VALUES (69,'Light Purple','CD6298','f');
INSERT INTO color (`id`,`nombre`,`rgb`,`es_transparente`) VALUES (70,'Reddish Brown','582A12','f');
INSERT INTO color (`id`,`nombre`,`rgb`,`es_transparente`) VALUES (71,'Light Bluish Gray','A0A5A9','f');
INSERT INTO color (`id`,`nombre`,`rgb`,`es_transparente`) VALUES (72,'Dark Bluish Gray','6C6E68','f');
INSERT INTO color (`id`,`nombre`,`rgb`,`es_transparente`) VALUES (73,'Medium Blue','5A93DB','f');
INSERT INTO color (`id`,`nombre`,`rgb`,`es_transparente`) VALUES (74,'Medium Green','73DCA1','f');
INSERT INTO color (`id`,`nombre`,`rgb`,`es_transparente`) VALUES (75,'Speckle Black-Copper','000000','f');
INSERT INTO color (`id`,`nombre`,`rgb`,`es_transparente`) VALUES (76,'Speckle DBGray-Silver','635F61','f');
INSERT INTO color (`id`,`nombre`,`rgb`,`es_transparente`) VALUES (77,'Light Pink','FECCCF','f');
INSERT INTO color (`id`,`nombre`,`rgb`,`es_transparente`) VALUES (78,'Light Flesh','F6D7B3','f');
INSERT INTO color (`id`,`nombre`,`rgb`,`es_transparente`) VALUES (79,'Milky White','FFFFFF','f');
INSERT INTO color (`id`,`nombre`,`rgb`,`es_transparente`) VALUES (80,'Metallic Silver','A5A9B4','f');
INSERT INTO color (`id`,`nombre`,`rgb`,`es_transparente`) VALUES (81,'Metallic Green','899B5F','f');
INSERT INTO color (`id`,`nombre`,`rgb`,`es_transparente`) VALUES (82,'Metallic Gold','DBAC34','f');
INSERT INTO color (`id`,`nombre`,`rgb`,`es_transparente`) VALUES (84,'Medium Dark Flesh','CC702A','f');
INSERT INTO color (`id`,`nombre`,`rgb`,`es_transparente`) VALUES (85,'Dark Purple','3F3691','f');
INSERT INTO color (`id`,`nombre`,`rgb`,`es_transparente`) VALUES (86,'Dark Flesh','7C503A','f');
INSERT INTO color (`id`,`nombre`,`rgb`,`es_transparente`) VALUES (89,'Royal Blue','4C61DB','f');
INSERT INTO color (`id`,`nombre`,`rgb`,`es_transparente`) VALUES (92,'Flesh','D09168','f');
INSERT INTO color (`id`,`nombre`,`rgb`,`es_transparente`) VALUES (100,'Light Salmon','FEBABD','f');
INSERT INTO color (`id`,`nombre`,`rgb`,`es_transparente`) VALUES (110,'Violet','4354A3','f');
INSERT INTO color (`id`,`nombre`,`rgb`,`es_transparente`) VALUES (112,'Blue-Violet','6874CA','f');
INSERT INTO color (`id`,`nombre`,`rgb`,`es_transparente`) VALUES (114,'Glitter Trans-Dark Pink','DF6695','t');
INSERT INTO color (`id`,`nombre`,`rgb`,`es_transparente`) VALUES (115,'Medium Lime','C7D23C','f');
INSERT INTO color (`id`,`nombre`,`rgb`,`es_transparente`) VALUES (117,'Glitter Trans-Clear','FFFFFF','t');
INSERT INTO color (`id`,`nombre`,`rgb`,`es_transparente`) VALUES (118,'Aqua','B3D7D1','f');
INSERT INTO color (`id`,`nombre`,`rgb`,`es_transparente`) VALUES (120,'Light Lime','D9E4A7','f');
INSERT INTO color (`id`,`nombre`,`rgb`,`es_transparente`) VALUES (121,'Deep Blue','05131D','f');

-- Datos de la TABLA pieza
INSERT INTO pieza (`num_pieza`,`nombre`,`categoria`) VALUES (0,'FLAT TILE 1X2, NO. 180',10);
INSERT INTO pieza (`num_pieza`,`nombre`,`categoria`) VALUES (1,'Set 0687 Activity Booklet 1',17);
INSERT INTO pieza (`num_pieza`,`nombre`,`categoria`) VALUES (2,'Baseplate 16 x 30 with Set 080 Yellow House Print',1);
INSERT INTO pieza (`num_pieza`,`nombre`,`categoria`) VALUES (3,'Baseplate 16 x 24 with Set 080 Small White House Print',1);
INSERT INTO pieza (`num_pieza`,`nombre`,`categoria`) VALUES (4,'Baseplate 16 x 24 with Set 080 Red House Print',1);
INSERT INTO pieza (`num_pieza`,`nombre`,`categoria`) VALUES (5,'Baseplate 16 x 24 with Set 080 Large White House Print',1);
INSERT INTO pieza (`num_pieza`,`nombre`,`categoria`) VALUES (6,'Homemaker Bookcase 2 x 4 x 4',7);
INSERT INTO pieza (`num_pieza`,`nombre`,`categoria`) VALUES (7,'Baseplate 24 x 32',2);
INSERT INTO pieza (`num_pieza`,`nombre`,`categoria`) VALUES (8,'Sticker Sheet #1 for 41055-1',17);
INSERT INTO pieza (`num_pieza`,`nombre`,`categoria`) VALUES (9,'Sticker for Set 10019 - (43274/4170393)',17);
INSERT INTO pieza (`num_pieza`,`nombre`,`categoria`) VALUES (10,'Sticker for Set 10026 - (44942/4184185)',17);
INSERT INTO pieza (`num_pieza`,`nombre`,`categoria`) VALUES (11,'Sticker for Set 10029 - (4216816)',3);
INSERT INTO pieza (`num_pieza`,`nombre`,`categoria`) VALUES (12,'Sticker for Set 10036 - (821407)',3);
INSERT INTO pieza (`num_pieza`,`nombre`,`categoria`) VALUES (13,'Pullback Motor 8 x 4 x 2/3',44);
INSERT INTO pieza (`num_pieza`,`nombre`,`categoria`) VALUES (14,'Minifig Hair Tousled',13);
INSERT INTO pieza (`num_pieza`,`nombre`,`categoria`) VALUES (15,'Minifig Shield Broad with Spiked Bottom and Cutout Corner',27);
INSERT INTO pieza (`num_pieza`,`nombre`,`categoria`) VALUES (16,'Minifig Shield Broad with Spiked Bottom and Cutout Corner with Handprint Print',27);
INSERT INTO pieza (`num_pieza`,`nombre`,`categoria`) VALUES (17,'Minifig Sword [Uruk-hai]',27);
INSERT INTO pieza (`num_pieza`,`nombre`,`categoria`) VALUES (18,'Minifig Helmet Castle with Lateral Comb [Uruk-hai]',27);
INSERT INTO pieza (`num_pieza`,`nombre`,`categoria`) VALUES (19,'Minifig Helmet Castle with Lateral Comb and Handprint Print',27);
INSERT INTO pieza (`num_pieza`,`nombre`,`categoria`) VALUES (20,'Minifig Beard, Rounded End [Gandalf]',27);
INSERT INTO pieza (`num_pieza`,`nombre`,`categoria`) VALUES (21,'Minifig Sword Small',27);
INSERT INTO pieza (`num_pieza`,`nombre`,`categoria`) VALUES (22,'Minifig Helmet - Rohan Style Castle with Cheek Protection and Horsehead Comb',27);
INSERT INTO pieza (`num_pieza`,`nombre`,`categoria`) VALUES (23,'Minifig Helmet - Rohan Style with Cheek Protection, Horsehead Comb and Eomer Print',27);
INSERT INTO pieza (`num_pieza`,`nombre`,`categoria`) VALUES (24,'Minifig Helmet - Rohan Cheek Protection and Theoden Print',27);
INSERT INTO pieza (`num_pieza`,`nombre`,`categoria`) VALUES (25,'Minifig Hair Long Straight with Elf Ears [Plain]',27);
INSERT INTO pieza (`num_pieza`,`nombre`,`categoria`) VALUES (26,'Minifig Hair Long Straight with Light Flesh Elf Ears Print',27);
INSERT INTO pieza (`num_pieza`,`nombre`,`categoria`) VALUES (27,'Minifig Helmet Castle with Cheek Protection [Plain]',24);
INSERT INTO pieza (`num_pieza`,`nombre`,`categoria`) VALUES (28,'Minifig Helmet Castle with Cheek Protection and Dark Red Ornaments Print',27);
INSERT INTO pieza (`num_pieza`,`nombre`,`categoria`) VALUES (29,'Body / Head Gollum',13);
INSERT INTO pieza (`num_pieza`,`nombre`,`categoria`) VALUES (30,'Body / Head Gollum - Wide Eyes',13);
INSERT INTO pieza (`num_pieza`,`nombre`,`categoria`) VALUES (31,'Body / Head Gollum - Narrow Eyes',13);
INSERT INTO pieza (`num_pieza`,`nombre`,`categoria`) VALUES (32,'Arm, Bent [Gollum]',13);
INSERT INTO pieza (`num_pieza`,`nombre`,`categoria`) VALUES (33,'Arm Goblin King, Left',13);
INSERT INTO pieza (`num_pieza`,`nombre`,`categoria`) VALUES (34,'Hand Cave Troll, Left',13);
INSERT INTO pieza (`num_pieza`,`nombre`,`categoria`) VALUES (35,'Arm Goblin King, Right',13);
INSERT INTO pieza (`num_pieza`,`nombre`,`categoria`) VALUES (36,'Hand Cave Troll, Right',13);
INSERT INTO pieza (`num_pieza`,`nombre`,`categoria`) VALUES (37,'Minifig Beard - Full with Braided Moustache Ends',13);
INSERT INTO pieza (`num_pieza`,`nombre`,`categoria`) VALUES (38,'Minifig Hair Orc [Plain]',24);
INSERT INTO pieza (`num_pieza`,`nombre`,`categoria`) VALUES (39,'Minifig Hair Orc with Dark Tan Ears Print',13);
INSERT INTO pieza (`num_pieza`,`nombre`,`categoria`) VALUES (40,'Minifig Hair Orc with Olive Green Ears Print',13);
INSERT INTO pieza (`num_pieza`,`nombre`,`categoria`) VALUES (41,'Minifig Hair Orc with Medium Dark Flesh Ears Print',13);
INSERT INTO pieza (`num_pieza`,`nombre`,`categoria`) VALUES (42,'Paper, Cardboard Backdrop for Set 10075 Spider-Man Action Pack',17);
INSERT INTO pieza (`num_pieza`,`nombre`,`categoria`) VALUES (43,'ADULT FIGURE W/HEADSET',4);
INSERT INTO pieza (`num_pieza`,`nombre`,`categoria`) VALUES (44,'ADULT FIGURE W/HEADSET (Yellow) NO. 6',57);
INSERT INTO pieza (`num_pieza`,`nombre`,`categoria`) VALUES (45,'Minifig Batman Mask with Angular Ears and Pronounced Brow',13);
INSERT INTO pieza (`num_pieza`,`nombre`,`categoria`) VALUES (46,'MASK, BATMAN, NO. 1 with Bat Print',27);
INSERT INTO pieza (`num_pieza`,`nombre`,`categoria`) VALUES (47,'Mask Batman with Crack Print',27);
INSERT INTO pieza (`num_pieza`,`nombre`,`categoria`) VALUES (48,'Duplo Brick 2 x 10 x 2 Arch with Gold Vines with Leaves and \'C\' in Shield print',4);
INSERT INTO pieza (`num_pieza`,`nombre`,`categoria`) VALUES (49,'Arm Giant, Right',13);
INSERT INTO pieza (`num_pieza`,`nombre`,`categoria`) VALUES (50,'Arm Giant, Right with Blue Darkseid Print',13);
INSERT INTO pieza (`num_pieza`,`nombre`,`categoria`) VALUES (51,'Hand Hulk - Right',13);
INSERT INTO pieza (`num_pieza`,`nombre`,`categoria`) VALUES (52,'Hand Hulk - Left',13);
INSERT INTO pieza (`num_pieza`,`nombre`,`categoria`) VALUES (53,'Sticker for Set 10127 - Sheet 1, Primarily Eastern Teams (47852/4210596)',17);
INSERT INTO pieza (`num_pieza`,`nombre`,`categoria`) VALUES (54,'Sticker for Set 10127 - Sheet 2, Primarily Western Teams (47851/4210595)',17);
INSERT INTO pieza (`num_pieza`,`nombre`,`categoria`) VALUES (55,'Sticker for Set 10127 - Sheet 3, All 30 Teams and Numbers 1-9 (47853/4210598)',17);
INSERT INTO pieza (`num_pieza`,`nombre`,`categoria`) VALUES (56,'Hulk Body [Plain]',24);
INSERT INTO pieza (`num_pieza`,`nombre`,`categoria`) VALUES (57,'Hulk Body with Dark Tan Pants Print',13);
INSERT INTO pieza (`num_pieza`,`nombre`,`categoria`) VALUES (58,'Hulk Body with Dark Purple Pants Print',13);
INSERT INTO pieza (`num_pieza`,`nombre`,`categoria`) VALUES (59,'Sticker for Set 10129 - (48074/4214068)',5);
INSERT INTO pieza (`num_pieza`,`nombre`,`categoria`) VALUES (60,'Sticker for Set 10134 - (48981/4221407)',5);
INSERT INTO pieza (`num_pieza`,`nombre`,`categoria`) VALUES (61,'Sticker for Set 10144 - (53390/4269558)',6);
INSERT INTO pieza (`num_pieza`,`nombre`,`categoria`) VALUES (62,'Arm Giant, Left',13);
INSERT INTO pieza (`num_pieza`,`nombre`,`categoria`) VALUES (63,'Arm Giant, Left with Blue Darkseid Print',13);
INSERT INTO pieza (`num_pieza`,`nombre`,`categoria`) VALUES (64,'Sticker for Set 10159 - (4264102)',17);
INSERT INTO pieza (`num_pieza`,`nombre`,`categoria`) VALUES (65,'Minifig Cap, Santa [Plain]',24);
INSERT INTO pieza (`num_pieza`,`nombre`,`categoria`) VALUES (66,'Minifig Santa Hat with Red Top Print',27);
INSERT INTO pieza (`num_pieza`,`nombre`,`categoria`) VALUES (67,'Minifig Helmet Underwater Deep Diver with Trans-Clear Glass',27);
INSERT INTO pieza (`num_pieza`,`nombre`,`categoria`) VALUES (68,'Minifig Hair Short Tousled with Headphones Print [Plain]',27);
INSERT INTO pieza (`num_pieza`,`nombre`,`categoria`) VALUES (69,'Minifig Hair Short Tousled with Silver Headphones Print',27);
INSERT INTO pieza (`num_pieza`,`nombre`,`categoria`) VALUES (70,'Minifig Hair Short Tousled with Black Headphones Print',27);
INSERT INTO pieza (`num_pieza`,`nombre`,`categoria`) VALUES (71,'Minifig Hat - Cowboy with Star and Medium Dark Flesh Braid Print',27);
INSERT INTO pieza (`num_pieza`,`nombre`,`categoria`) VALUES (72,'Minifig Bag with Handle',27);
INSERT INTO pieza (`num_pieza`,`nombre`,`categoria`) VALUES (73,'Pretzel',27);
INSERT INTO pieza (`num_pieza`,`nombre`,`categoria`) VALUES (74,'Minifig Trophy Cup Small',27);
INSERT INTO pieza (`num_pieza`,`nombre`,`categoria`) VALUES (75,'Minifig Head Cover - Ghost Shroud with Open Mouth',27);
INSERT INTO pieza (`num_pieza`,`nombre`,`categoria`) VALUES (76,'RIGHT MINI FIGURE ROBOT LEG',13);
INSERT INTO pieza (`num_pieza`,`nombre`,`categoria`) VALUES (77,'Rock 1 x 2 Crystal Stepped',33);
INSERT INTO pieza (`num_pieza`,`nombre`,`categoria`) VALUES (78,'Rock Stepped with Dark Green Swamp Gas Print',33);
INSERT INTO pieza (`num_pieza`,`nombre`,`categoria`) VALUES (79,'MOONSTONE NO 1',33);
INSERT INTO pieza (`num_pieza`,`nombre`,`categoria`) VALUES (80,'Rock Stepped with Gold Egyptian Eye of Horus Print',33);
INSERT INTO pieza (`num_pieza`,`nombre`,`categoria`) VALUES (81,'Rock Stepped with Black Wolf Print [aka Moonstone]',33);
INSERT INTO pieza (`num_pieza`,`nombre`,`categoria`) VALUES (82,'Rock Stepped with Black Bat Print',33);
INSERT INTO pieza (`num_pieza`,`nombre`,`categoria`) VALUES (83,'Rock Stepped with Black Zombie Print',33);
INSERT INTO pieza (`num_pieza`,`nombre`,`categoria`) VALUES (84,'Rock Stepped with White Lightning Print',33);
INSERT INTO pieza (`num_pieza`,`nombre`,`categoria`) VALUES (85,'Rock 1 x 2 Crystal Stepped with White Ghost Moonstone Print',33);
INSERT INTO pieza (`num_pieza`,`nombre`,`categoria`) VALUES (86,'Paper, Certificate of Authenticity for Set 10179 Limited Edition',17);
INSERT INTO pieza (`num_pieza`,`nombre`,`categoria`) VALUES (87,'Minifig Wings Fairy',27);
INSERT INTO pieza (`num_pieza`,`nombre`,`categoria`) VALUES (88,'Minifig Bladed Claw, Spread',27);
INSERT INTO pieza (`num_pieza`,`nombre`,`categoria`) VALUES (89,'Sticker for Set 10187 - (63292/4528621)',17);
INSERT INTO pieza (`num_pieza`,`nombre`,`categoria`) VALUES (90,'Sticker for Set 10188 - (64169/453341)',17);
INSERT INTO pieza (`num_pieza`,`nombre`,`categoria`) VALUES (91,'Minifig Flipper [Thick]',27);
INSERT INTO pieza (`num_pieza`,`nombre`,`categoria`) VALUES (92,'Sticker for Set 10192 - (10192/4528138)',17);
INSERT INTO pieza (`num_pieza`,`nombre`,`categoria`) VALUES (93,'ADULT FIG. NO. 1 2012 V2',4);
INSERT INTO pieza (`num_pieza`,`nombre`,`categoria`) VALUES (94,'Technic Pin Connector Hub with 2 Perpendicular Axles',12);
INSERT INTO pieza (`num_pieza`,`nombre`,`categoria`) VALUES (95,'Plate 4 X 8',4);
INSERT INTO pieza (`num_pieza`,`nombre`,`categoria`) VALUES (96,'Bracket 1 x 2 - 1 x 4 [Rounded Corners]',9);
INSERT INTO pieza (`num_pieza`,`nombre`,`categoria`) VALUES (97,'Tile 6 x 6 with Bottom Tubes',19);
INSERT INTO pieza (`num_pieza`,`nombre`,`categoria`) VALUES (98,'Sticker for Set 10212 - (88529/4568123)',17);
INSERT INTO pieza (`num_pieza`,`nombre`,`categoria`) VALUES (99,'Sticker for Set 10216 - (90051/4582442)',17);
INSERT INTO pieza (`num_pieza`,`nombre`,`categoria`) VALUES (100,'Cardboard Game Board - Life of George',17);
INSERT INTO pieza (`num_pieza`,`nombre`,`categoria`) VALUES (101,'Sticker for Set 10219',17);
INSERT INTO pieza (`num_pieza`,`nombre`,`categoria`) VALUES (102,'Sticker for Set 10220 - Sheet 1 (94347/4614415)',17);
INSERT INTO pieza (`num_pieza`,`nombre`,`categoria`) VALUES (103,'Sticker for Set 10220 - Sheet 2 (94349/4614425)',17);
INSERT INTO pieza (`num_pieza`,`nombre`,`categoria`) VALUES (104,'Round Sign with 30 Speed Limit Print',4);
INSERT INTO pieza (`num_pieza`,`nombre`,`categoria`) VALUES (105,'Minifig Head Cover, Swamp Creature with Eye Holes, Fins and Spikes',13);
INSERT INTO pieza (`num_pieza`,`nombre`,`categoria`) VALUES (106,'Sticker for Set 10232 - (12949 / 6022692)',17);
INSERT INTO pieza (`num_pieza`,`nombre`,`categoria`) VALUES (107,'Sticker for Set 10233 - (12953/6022720)',17);
INSERT INTO pieza (`num_pieza`,`nombre`,`categoria`) VALUES (108,'Sticker for Set 10235',17);
INSERT INTO pieza (`num_pieza`,`nombre`,`categoria`) VALUES (109,'10240stk01',17);
INSERT INTO pieza (`num_pieza`,`nombre`,`categoria`) VALUES (110,'10240stk02',17);
INSERT INTO pieza (`num_pieza`,`nombre`,`categoria`) VALUES (111,'10240stk03',17);
INSERT INTO pieza (`num_pieza`,`nombre`,`categoria`) VALUES (112,'Plate Special 2 x  2 with 1 Pin Hole [Complete Underside Rib]',9);
INSERT INTO pieza (`num_pieza`,`nombre`,`categoria`) VALUES (113,'Sticker Sheet for Set 10252 - 26953/6153756 or 26952/6153754',17);
INSERT INTO pieza (`num_pieza`,`nombre`,`categoria`) VALUES (114,'Minifig Compound Bow &amp; Arrow',27);
INSERT INTO pieza (`num_pieza`,`nombre`,`categoria`) VALUES (115,'Pirate Comic - The Golden Medallion',17);
INSERT INTO pieza (`num_pieza`,`nombre`,`categoria`) VALUES (116,'Technic Axle and Pin Connector Triple [120° Offset]',12);
INSERT INTO pieza (`num_pieza`,`nombre`,`categoria`) VALUES (117,'Minifig Hair with Bat Ears [Plain]',24);
INSERT INTO pieza (`num_pieza`,`nombre`,`categoria`) VALUES (118,'Minifig Hair with Bat Ears and Medium Dark Flesh Inner Ear Print',13);
INSERT INTO pieza (`num_pieza`,`nombre`,`categoria`) VALUES (119,'Minifig Hair with Bat Ears and Dark Bluish Gray Inner Ear Print',13);
INSERT INTO pieza (`num_pieza`,`nombre`,`categoria`) VALUES (120,'Minifig Hair with Bat Ears and Tan Inner Ear Print',13);
INSERT INTO pieza (`num_pieza`,`nombre`,`categoria`) VALUES (121,'Minifig Head Modified Werewolf [Plain]',24);
INSERT INTO pieza (`num_pieza`,`nombre`,`categoria`) VALUES (122,'Minifig Head Modified Werewolf',13);
INSERT INTO pieza (`num_pieza`,`nombre`,`categoria`) VALUES (123,'Arm with Wing',13);
INSERT INTO pieza (`num_pieza`,`nombre`,`categoria`) VALUES (124,'Coffin 2 x 4 x 6 Lid [Plain]',24);
INSERT INTO pieza (`num_pieza`,`nombre`,`categoria`) VALUES (125,'Coffin 2 x 4 x 6 Lid with White Bat Print [9464 / 9468]',7);
INSERT INTO pieza (`num_pieza`,`nombre`,`categoria`) VALUES (126,'Coffin 2 x 4 x 6 Lid with Light Bluish Gray Vampire and White Cobwebs Print',7);
INSERT INTO pieza (`num_pieza`,`nombre`,`categoria`) VALUES (127,'Minifig Helmet with Front Prongs [Plain]',27);
INSERT INTO pieza (`num_pieza`,`nombre`,`categoria`) VALUES (128,'Minifig Helmet with Front Prongs and Dark Purple Print (Magneto)',27);
INSERT INTO pieza (`num_pieza`,`nombre`,`categoria`) VALUES (129,'Set 1030 Activity Booklet 1 - Parts Tray Organizer Card',17);
INSERT INTO pieza (`num_pieza`,`nombre`,`categoria`) VALUES (130,'t 1030 Activity Booklet 10 - Wheels',17);
INSERT INTO pieza (`num_pieza`,`nombre`,`categoria`) VALUES (131,'Set 1030 Activity Booklet 11 - Conveyors',17);
INSERT INTO pieza (`num_pieza`,`nombre`,`categoria`) VALUES (132,'Set 1030 Activity Booklet 12 - Advanced Gearing',17);
INSERT INTO pieza (`num_pieza`,`nombre`,`categoria`) VALUES (133,'Set 1030 Activity Booklet 13 - Pistons',17);
INSERT INTO pieza (`num_pieza`,`nombre`,`categoria`) VALUES (134,'Set 1030 Activity Booklet 14 - Merry-go-round',17);
INSERT INTO pieza (`num_pieza`,`nombre`,`categoria`) VALUES (135,'Set 1030 Activity Booklet 15 - Cranes',17);
INSERT INTO pieza (`num_pieza`,`nombre`,`categoria`) VALUES (136,'Set 1030 Activity Booklet 16 - Lifting with Pulleys',17);
INSERT INTO pieza (`num_pieza`,`nombre`,`categoria`) VALUES (137,'Set 1030 Activity Booklet 17 - Water Wheels',17);
INSERT INTO pieza (`num_pieza`,`nombre`,`categoria`) VALUES (138,'Set 1030 Activity Booklet 18 - Windmills',17);
INSERT INTO pieza (`num_pieza`,`nombre`,`categoria`) VALUES (139,'Set 1030 Activity Booklet 19 - Simple Steering',17);
INSERT INTO pieza (`num_pieza`,`nombre`,`categoria`) VALUES (140,'Set 1030 Activity Booklet 2 - Levers',17);
INSERT INTO pieza (`num_pieza`,`nombre`,`categoria`) VALUES (141,'Set 1030 Activity Booklet 20 - Advanced Steering',17);
INSERT INTO pieza (`num_pieza`,`nombre`,`categoria`) VALUES (142,'Set 1030 Activity Booklet 3 - Supports',17);
INSERT INTO pieza (`num_pieza`,`nombre`,`categoria`) VALUES (143,'Set 1030 Activity Booklet 4 - Lifting &amp; Supporting',17);
INSERT INTO pieza (`num_pieza`,`nombre`,`categoria`) VALUES (144,'Set 1030 Activity Booklet 5 - Pulleys &amp; Belts',17);
INSERT INTO pieza (`num_pieza`,`nombre`,`categoria`) VALUES (145,'Set 1030 Activity Booklet 6 - Gears',17);
INSERT INTO pieza (`num_pieza`,`nombre`,`categoria`) VALUES (146,'Set 1030 Activity Booklet 7 - More Gears',17);
INSERT INTO pieza (`num_pieza`,`nombre`,`categoria`) VALUES (147,'Set 1030 Activity Booklet 8 - Angles',17);
INSERT INTO pieza (`num_pieza`,`nombre`,`categoria`) VALUES (148,'Set 1030 Activity Booklet 9 - Flywheels',17);
INSERT INTO pieza (`num_pieza`,`nombre`,`categoria`) VALUES (149,'Windscreen 10 x 6 x 3 Bubble Canopy Double Tapered with Square Front Cutout',47);
INSERT INTO pieza (`num_pieza`,`nombre`,`categoria`) VALUES (150,'Windscreen 10 x 6 x 3 Bubble Canopy Double Tapered with Square Front Cutout and Light Bluish Gray Jedi Starfighter, Two Red Triangles on Top Print',47);
INSERT INTO pieza (`num_pieza`,`nombre`,`categoria`) VALUES (151,'Windscreen 10 x 6 x 3 Bubble Canopy Double Tapered with Square Front Cutout and B-wing Starfighter Print',47);
INSERT INTO pieza (`num_pieza`,`nombre`,`categoria`) VALUES (152,'Windscreen 10 x 6 x 3 Bubble Canopy Double Tapered with Square Front Cutout and Light Bluish Gray Jedi Starfighter, Two Red Triangles on Top Print',47);
INSERT INTO pieza (`num_pieza`,`nombre`,`categoria`) VALUES (153,'Brick 1 x 4 x 1 1/3 No Studs, Curved Top, with Raised Inside Support',37);
INSERT INTO pieza (`num_pieza`,`nombre`,`categoria`) VALUES (154,'Set 1032 Activity Booklet 1 - Parts Tray Organizer Card',17);
INSERT INTO pieza (`num_pieza`,`nombre`,`categoria`) VALUES (155,'Set 1032 Activity Booklet 10 - Appliances',17);
INSERT INTO pieza (`num_pieza`,`nombre`,`categoria`) VALUES (156,'Set 1032 Activity Booklet 11 - Right Angle Drives',17);
INSERT INTO pieza (`num_pieza`,`nombre`,`categoria`) VALUES (157,'Set 1032 Activity Booklet 12 - Clamps',17);
INSERT INTO pieza (`num_pieza`,`nombre`,`categoria`) VALUES (158,'Set 1032 Activity Booklet 13 - Mixers &amp; Propellers',17);
INSERT INTO pieza (`num_pieza`,`nombre`,`categoria`) VALUES (159,'Set 1032 Activity Booklet 14 - Valves &amp; Hammers',17);
INSERT INTO pieza (`num_pieza`,`nombre`,`categoria`) VALUES (160,'Set 1032 Activity Booklet 15 - Gearing Down',17);
INSERT INTO pieza (`num_pieza`,`nombre`,`categoria`) VALUES (161,'Set 1032 Activity Booklet 16 - Differentials',17);
INSERT INTO pieza (`num_pieza`,`nombre`,`categoria`) VALUES (162,'Set 1032 Activity Booklet 17 - Cranes',17);
INSERT INTO pieza (`num_pieza`,`nombre`,`categoria`) VALUES (163,'Set 1032 Activity Booklet 18 - Conveyors',17);
INSERT INTO pieza (`num_pieza`,`nombre`,`categoria`) VALUES (164,'Set 1032 Activity Booklet 19 - Drawbridges &amp; Boom Gates',17);
INSERT INTO pieza (`num_pieza`,`nombre`,`categoria`) VALUES (165,'Set 1032 Activity Booklet 2 - Bracing &amp; Connecting',17);
INSERT INTO pieza (`num_pieza`,`nombre`,`categoria`) VALUES (166,'Set 1032 Activity Booklet 20 - Robots',17);
INSERT INTO pieza (`num_pieza`,`nombre`,`categoria`) VALUES (167,'Set 1032 Activity Booklet 3 - Using the 4.5V motor',17);
INSERT INTO pieza (`num_pieza`,`nombre`,`categoria`) VALUES (168,'Set 1032 Activity Booklet 4 - Wheels &amp; Belts',17);
INSERT INTO pieza (`num_pieza`,`nombre`,`categoria`) VALUES (169,'Set 1032 Activity Booklet 5 - Saws',17);
INSERT INTO pieza (`num_pieza`,`nombre`,`categoria`) VALUES (170,'Set 1032 Activity Booklet 6 - Small Machinery',17);
INSERT INTO pieza (`num_pieza`,`nombre`,`categoria`) VALUES (171,'Set 1032 Activity Booklet 7 - Chains',8);
INSERT INTO pieza (`num_pieza`,`nombre`,`categoria`) VALUES (172,'Set 1032 Activity Booklet 8 - Chain Drives',8);
INSERT INTO pieza (`num_pieza`,`nombre`,`categoria`) VALUES (173,'Set 1032 Activity Booklet 9 - Winches',8);
INSERT INTO pieza (`num_pieza`,`nombre`,`categoria`) VALUES (174,'Arm Cave Troll - Left with Scales Print',13);
INSERT INTO pieza (`num_pieza`,`nombre`,`categoria`) VALUES (175,'Arm Cave Troll - Right with Scales Print',13);
INSERT INTO pieza (`num_pieza`,`nombre`,`categoria`) VALUES (176,'Antenna 6H without Stud Hole',32);
INSERT INTO pieza (`num_pieza`,`nombre`,`categoria`) VALUES (177,'Duplo Brick 2 x 3 with Curved Top and Eye Print on Both Sides',4);
INSERT INTO pieza (`num_pieza`,`nombre`,`categoria`) VALUES (178,'Horse, Moveable Legs [Plain]',28);
INSERT INTO pieza (`num_pieza`,`nombre`,`categoria`) VALUES (179,'Horse, Moveable Legs with Black Bridle and White Blaze Print',28);
INSERT INTO pieza (`num_pieza`,`nombre`,`categoria`) VALUES (180,'Horse, Moveable Legs with Gray Bridle Print',28);
INSERT INTO pieza (`num_pieza`,`nombre`,`categoria`) VALUES (181,'Horse, Moveable Legs with Black Bridle and Silver Buckles Print',28);
INSERT INTO pieza (`num_pieza`,`nombre`,`categoria`) VALUES (182,'Horse, Moveable Legs with Dark Brown Bridle Print',28);
INSERT INTO pieza (`num_pieza`,`nombre`,`categoria`) VALUES (183,'Horse, Moveable Legs with Gold Bridle and Decorations Print',28);
INSERT INTO pieza (`num_pieza`,`nombre`,`categoria`) VALUES (184,'Sticker Sheet for 9498-1',17);
INSERT INTO pieza (`num_pieza`,`nombre`,`categoria`) VALUES (185,'Minifig Cape Cloth, Narrow with Single Top Hole',27);
INSERT INTO pieza (`num_pieza`,`nombre`,`categoria`) VALUES (186,'LID FOR FRAME 2X4X2',4);
INSERT INTO pieza (`num_pieza`,`nombre`,`categoria`) VALUES (187,'Sticker Sheet for 9473-1',17);
INSERT INTO pieza (`num_pieza`,`nombre`,`categoria`) VALUES (188,'Sticker for Set 9474 - (10636/6005725)',17);
INSERT INTO pieza (`num_pieza`,`nombre`,`categoria`) VALUES (189,'Sticker for Set 10226',17);
INSERT INTO pieza (`num_pieza`,`nombre`,`categoria`) VALUES (190,'Sticker Sheet for 9499-1',17);

-- Datos de la TABLA tematica
INSERT INTO tematica (`id`,`nombre`) VALUES (1,'Technic');
INSERT INTO tematica (`id`,`nombre`) VALUES (2,'Arctic Technic');
INSERT INTO tematica (`id`,`nombre`) VALUES (3,'Competition');
INSERT INTO tematica (`id`,`nombre`) VALUES (4,'Expert Builder');
INSERT INTO tematica (`id`,`nombre`) VALUES (5,'Model');
INSERT INTO tematica (`id`,`nombre`) VALUES (6,'Airport');
INSERT INTO tematica (`id`,`nombre`) VALUES (7,'Construction');
INSERT INTO tematica (`id`,`nombre`) VALUES (8,'Farm');
INSERT INTO tematica (`id`,`nombre`) VALUES (9,'Fire');
INSERT INTO tematica (`id`,`nombre`) VALUES (10,'Harbor');
INSERT INTO tematica (`id`,`nombre`) VALUES (11,'Off-Road');
INSERT INTO tematica (`id`,`nombre`) VALUES (12,'Race');
INSERT INTO tematica (`id`,`nombre`) VALUES (13,'Riding Cycle');
INSERT INTO tematica (`id`,`nombre`) VALUES (14,'Robot');
INSERT INTO tematica (`id`,`nombre`) VALUES (15,'Traffic');
INSERT INTO tematica (`id`,`nombre`) VALUES (16,'RoboRiders');
INSERT INTO tematica (`id`,`nombre`) VALUES (17,'Speed Slammers');
INSERT INTO tematica (`id`,`nombre`) VALUES (18,'Star Wars');
INSERT INTO tematica (`id`,`nombre`) VALUES (19,'Supplemental');
INSERT INTO tematica (`id`,`nombre`) VALUES (20,'Throwbot Slizer');
INSERT INTO tematica (`id`,`nombre`) VALUES (21,'Universal Building Set');
INSERT INTO tematica (`id`,`nombre`) VALUES (22,'Creator');
INSERT INTO tematica (`id`,`nombre`) VALUES (23,'Basic Model');
INSERT INTO tematica (`id`,`nombre`) VALUES (24,'Jungle');
INSERT INTO tematica (`id`,`nombre`) VALUES (25,'Castle');
INSERT INTO tematica (`id`,`nombre`) VALUES (26,'The LEGO Batman Movie');
INSERT INTO tematica (`id`,`nombre`) VALUES (27,'Disney');
INSERT INTO tematica (`id`,`nombre`) VALUES (28,'Angry Birds');
INSERT INTO tematica (`id`,`nombre`) VALUES (29,'Train');
INSERT INTO tematica (`id`,`nombre`) VALUES (30,'Scooby-Doo');
INSERT INTO tematica (`id`,`nombre`) VALUES (31,'Creature');
INSERT INTO tematica (`id`,`nombre`) VALUES (32,'Jurassic World');
INSERT INTO tematica (`id`,`nombre`) VALUES (33,'Food & Drink');
INSERT INTO tematica (`id`,`nombre`) VALUES (34,'Building');
INSERT INTO tematica (`id`,`nombre`) VALUES (35,'Cargo');
INSERT INTO tematica (`id`,`nombre`) VALUES (36,'Marvel Super Heroes');
INSERT INTO tematica (`id`,`nombre`) VALUES (37,'Basic Set');
INSERT INTO tematica (`id`,`nombre`) VALUES (38,'Model 2.0');
INSERT INTO tematica (`id`,`nombre`) VALUES (39,'Friends');
INSERT INTO tematica (`id`,`nombre`) VALUES (40,'Minecraft');
INSERT INTO tematica (`id`,`nombre`) VALUES (41,'The Hobbit');
INSERT INTO tematica (`id`,`nombre`) VALUES (42,'The Simpsons');
INSERT INTO tematica (`id`,`nombre`) VALUES (43,'Universe');
INSERT INTO tematica (`id`,`nombre`) VALUES (44,'Recreation');
INSERT INTO tematica (`id`,`nombre`) VALUES (45,'Space');
INSERT INTO tematica (`id`,`nombre`) VALUES (46,'Adventurers');
INSERT INTO tematica (`id`,`nombre`) VALUES (47,'Cars');
INSERT INTO tematica (`id`,`nombre`) VALUES (48,'Spider-Man');
INSERT INTO tematica (`id`,`nombre`) VALUES (49,'Mecha');
INSERT INTO tematica (`id`,`nombre`) VALUES (50,'Town');
INSERT INTO tematica (`id`,`nombre`) VALUES (51,'Arctic');
INSERT INTO tematica (`id`,`nombre`) VALUES (52,'City');
INSERT INTO tematica (`id`,`nombre`) VALUES (53,'Team GB');
INSERT INTO tematica (`id`,`nombre`) VALUES (54,'Dinosaurs');
INSERT INTO tematica (`id`,`nombre`) VALUES (55,'Coast Guard');
INSERT INTO tematica (`id`,`nombre`) VALUES (56,'Superman');
INSERT INTO tematica (`id`,`nombre`) VALUES (57,'X-Men');
INSERT INTO tematica (`id`,`nombre`) VALUES (58,'Batman');
INSERT INTO tematica (`id`,`nombre`) VALUES (59,'Sports');
INSERT INTO tematica (`id`,`nombre`) VALUES (60,'Hospital');
INSERT INTO tematica (`id`,`nombre`) VALUES (61,'Police');
INSERT INTO tematica (`id`,`nombre`) VALUES (62,'Western');
INSERT INTO tematica (`id`,`nombre`) VALUES (63,'Pirates');
INSERT INTO tematica (`id`,`nombre`) VALUES (64,'Holiday');
INSERT INTO tematica (`id`,`nombre`) VALUES (65,'Rock Raiders');
INSERT INTO tematica (`id`,`nombre`) VALUES (66,'Trains');
INSERT INTO tematica (`id`,`nombre`) VALUES (67,'Classic Town');
INSERT INTO tematica (`id`,`nombre`) VALUES (68,'Halloween');
INSERT INTO tematica (`id`,`nombre`) VALUES (69,'Discovery');
INSERT INTO tematica (`id`,`nombre`) VALUES (70,'Vikings');
INSERT INTO tematica (`id`,`nombre`) VALUES (71,'Cowboys');
INSERT INTO tematica (`id`,`nombre`) VALUES (72,'Indians');
INSERT INTO tematica (`id`,`nombre`) VALUES (73,'Speedorz');
INSERT INTO tematica (`id`,`nombre`) VALUES (74,'Speed Champions');
INSERT INTO tematica (`id`,`nombre`) VALUES (75,'Fantasy');
INSERT INTO tematica (`id`,`nombre`) VALUES (76,'Station');
INSERT INTO tematica (`id`,`nombre`) VALUES (77,'Elves');
INSERT INTO tematica (`id`,`nombre`) VALUES (78,'Ghostbusters');
INSERT INTO tematica (`id`,`nombre`) VALUES (79,'Avatar');
INSERT INTO tematica (`id`,`nombre`) VALUES (80,'Desert');
INSERT INTO tematica (`id`,`nombre`) VALUES (81,'Post Office');
INSERT INTO tematica (`id`,`nombre`) VALUES (82,'Mosaic');
INSERT INTO tematica (`id`,`nombre`) VALUES (83,'Star Wars Universe');
INSERT INTO tematica (`id`,`nombre`) VALUES (84,'Skylines');
INSERT INTO tematica (`id`,`nombre`) VALUES (85,'Christmas');
INSERT INTO tematica (`id`,`nombre`) VALUES (86,'Divers');
INSERT INTO tematica (`id`,`nombre`) VALUES (87,'Extreme Team');
INSERT INTO tematica (`id`,`nombre`) VALUES (88,'Launch Command');
INSERT INTO tematica (`id`,`nombre`) VALUES (89,'Outback');
INSERT INTO tematica (`id`,`nombre`) VALUES (90,'Paradisa');
INSERT INTO tematica (`id`,`nombre`) VALUES (91,'Seasonal');
INSERT INTO tematica (`id`,`nombre`) VALUES (92,'Res-Q');
INSERT INTO tematica (`id`,`nombre`) VALUES (93,'Space Port');
INSERT INTO tematica (`id`,`nombre`) VALUES (94,'Town Jr.');
INSERT INTO tematica (`id`,`nombre`) VALUES (95,'Indiana Jones');
INSERT INTO tematica (`id`,`nombre`) VALUES (96,'Forestmen');
INSERT INTO tematica (`id`,`nombre`) VALUES (97,'Avengers');
INSERT INTO tematica (`id`,`nombre`) VALUES (98,'UFO');
INSERT INTO tematica (`id`,`nombre`) VALUES (99,'Gas Station');
INSERT INTO tematica (`id`,`nombre`) VALUES (100,'Dino Island');

-- Datos de la TABLA 'set'
INSERT INTO `set` (`num_set`,`nombre`,`año`,`tematica`) VALUES (0,'Weetabix Promotional House 1',1976,41);
INSERT INTO `set` (`num_set`,`nombre`,`año`,`tematica`) VALUES (1,'Weetabix Promotional House 2',1976,13);
INSERT INTO `set` (`num_set`,`nombre`,`año`,`tematica`) VALUES (2,'Weetabix Promotional Windmill',1976,58);
INSERT INTO `set` (`num_set`,`nombre`,`año`,`tematica`) VALUES (3,'Special Offer',1985,NULL);
INSERT INTO `set` (`num_set`,`nombre`,`año`,`tematica`) VALUES (4,'Weetabix Promotional Lego Village',1976,13);
INSERT INTO `set` (`num_set`,`nombre`,`año`,`tematica`) VALUES (5,'Town Mini-Figures',1978,84);
INSERT INTO `set` (`num_set`,`nombre`,`año`,`tematica`) VALUES (6,'Castle 2 for 1 Bonus Offer',1987,58);
INSERT INTO `set` (`num_set`,`nombre`,`año`,`tematica`) VALUES (7,'Space Mini-Figures',1979,41);
INSERT INTO `set` (`num_set`,`nombre`,`año`,`tematica`) VALUES (8,'Space Mini-Figures',1979,13);
INSERT INTO `set` (`num_set`,`nombre`,`año`,`tematica`) VALUES (9,'Space Mini-Figures',1979,58);
INSERT INTO `set` (`num_set`,`nombre`,`año`,`tematica`) VALUES (10,'Space Mini-Figures',1979,63);
INSERT INTO `set` (`num_set`,`nombre`,`año`,`tematica`) VALUES (11,'Castle Mini Figures',1978,32);
INSERT INTO `set` (`num_set`,`nombre`,`año`,`tematica`) VALUES (12,'Basic Building set in Cardboard',1965,41);
INSERT INTO `set` (`num_set`,`nombre`,`año`,`tematica`) VALUES (13,'Basic Building set in Cardboard',1965,13);
INSERT INTO `set` (`num_set`,`nombre`,`año`,`tematica`) VALUES (14,'Basic Building set',1978,84);
INSERT INTO `set` (`num_set`,`nombre`,`año`,`tematica`) VALUES (15,'Basic Building set',1968,32);
INSERT INTO `set` (`num_set`,`nombre`,`año`,`tematica`) VALUES (16,'Basic Building set',1978,66);
INSERT INTO `set` (`num_set`,`nombre`,`año`,`tematica`) VALUES (17,'The Race to Build It Board Game',1999,41);
INSERT INTO `set` (`num_set`,`nombre`,`año`,`tematica`) VALUES (18,'Basic Building set',1968,63);
INSERT INTO `set` (`num_set`,`nombre`,`año`,`tematica`) VALUES (19,'Basic Building set',1968,97);
INSERT INTO `set` (`num_set`,`nombre`,`año`,`tematica`) VALUES (20,'Basic Building set',1968,66);
INSERT INTO `set` (`num_set`,`nombre`,`año`,`tematica`) VALUES (21,'Basic Building set',1968,84);
INSERT INTO `set` (`num_set`,`nombre`,`año`,`tematica`) VALUES (22,'Basic Building set with Train',1967,13);
INSERT INTO `set` (`num_set`,`nombre`,`año`,`tematica`) VALUES (23,'Super set',1969,20);
INSERT INTO `set` (`num_set`,`nombre`,`año`,`tematica`) VALUES (24,'Mini-Wheel Model Maker No. 1',1971,58);
INSERT INTO `set` (`num_set`,`nombre`,`año`,`tematica`) VALUES (25,'Basic Souvenir Box',1981,63);
INSERT INTO `set` (`num_set`,`nombre`,`año`,`tematica`) VALUES (26,'Basic set',1973,32);
INSERT INTO `set` (`num_set`,`nombre`,`año`,`tematica`) VALUES (27,'Little House set',1970,78);
INSERT INTO `set` (`num_set`,`nombre`,`año`,`tematica`) VALUES (28,'Universal Building set',1976,NULL);
INSERT INTO `set` (`num_set`,`nombre`,`año`,`tematica`) VALUES (29,'Locomotive Wheels',1977,20);
INSERT INTO `set` (`num_set`,`nombre`,`año`,`tematica`) VALUES (30,'4.5V Motor with Wheels (Small Version)',1966,41);
INSERT INTO `set` (`num_set`,`nombre`,`año`,`tematica`) VALUES (31,'4.5V Motor with Wheels (Large Version)',1966,63);
INSERT INTO `set` (`num_set`,`nombre`,`año`,`tematica`) VALUES (32,'Guarded Inn',2001,20);
INSERT INTO `set` (`num_set`,`nombre`,`año`,`tematica`) VALUES (33,'Metroliner',2001,11);
INSERT INTO `set` (`num_set`,`nombre`,`año`,`tematica`) VALUES (34,'Railroad Club Car',2001,11);
INSERT INTO `set` (`num_set`,`nombre`,`año`,`tematica`) VALUES (35,'1 x 2 Sand Red Bricks',2001,NULL);
INSERT INTO `set` (`num_set`,`nombre`,`año`,`tematica`) VALUES (36,'2 x 2 Sand Red Bricks',2001,NULL);
INSERT INTO `set` (`num_set`,`nombre`,`año`,`tematica`) VALUES (37,'2 x 4 Sand Red Bricks',2001,NULL);
INSERT INTO `set` (`num_set`,`nombre`,`año`,`tematica`) VALUES (38,'1 x 6 Sand Red Bricks',2001,NULL);
INSERT INTO `set` (`num_set`,`nombre`,`año`,`tematica`) VALUES (39,'2 x 4 Sand Red Ridge Roof Tiles Steep Slope',2001,NULL);
INSERT INTO `set` (`num_set`,`nombre`,`año`,`tematica`) VALUES (40,'2 x 4 Roof Tile Sand Red',2001,NULL);
INSERT INTO `set` (`num_set`,`nombre`,`año`,`tematica`) VALUES (41,'Assorted Blue Bricks',2001,84);
INSERT INTO `set` (`num_set`,`nombre`,`año`,`tematica`) VALUES (42,'Assorted Yellow Bricks',2003,41);
INSERT INTO `set` (`num_set`,`nombre`,`año`,`tematica`) VALUES (43,'Assorted Blue Plates',2001,58);
INSERT INTO `set` (`num_set`,`nombre`,`año`,`tematica`) VALUES (44,'Assorted Yellow Plates',2001,13);
INSERT INTO `set` (`num_set`,`nombre`,`año`,`tematica`) VALUES (45,'Open Freight Wagon',2001,32);
INSERT INTO `set` (`num_set`,`nombre`,`año`,`tematica`) VALUES (46,'Caboose',2001,54);
INSERT INTO `set` (`num_set`,`nombre`,`año`,`tematica`) VALUES (47,'Passenger Wagon',2001,28);
INSERT INTO `set` (`num_set`,`nombre`,`año`,`tematica`) VALUES (48,'Tanker',2001,28);
INSERT INTO `set` (`num_set`,`nombre`,`año`,`tematica`) VALUES (49,'Hopper Wagon',2001,20);
INSERT INTO `set` (`num_set`,`nombre`,`año`,`tematica`) VALUES (50,'Darth Maul',2001,54);
INSERT INTO `set` (`num_set`,`nombre`,`año`,`tematica`) VALUES (51,'Rebel Blockade Runner - UCS',2001,13);
INSERT INTO `set` (`num_set`,`nombre`,`año`,`tematica`) VALUES (52,'Santa Fe Super Chief, NOT the Limited Edition',2002,6);
INSERT INTO `set` (`num_set`,`nombre`,`año`,`tematica`) VALUES (53,'Santa Fe Super Chief, Limited Edition',2002,84);
INSERT INTO `set` (`num_set`,`nombre`,`año`,`tematica`) VALUES (54,'U.S.S. Constellation',2003,4);
INSERT INTO `set` (`num_set`,`nombre`,`año`,`tematica`) VALUES (55,'Santa Fe Cars - set II (dining, observation, or sleeping car)',2002,20);
INSERT INTO `set` (`num_set`,`nombre`,`año`,`tematica`) VALUES (56,'Master Builder set',2002,4);
INSERT INTO `set` (`num_set`,`nombre`,`año`,`tematica`) VALUES (57,'Red Baron',2002,54);
INSERT INTO `set` (`num_set`,`nombre`,`año`,`tematica`) VALUES (58,'Santa Fe Cars - set I (mail or baggage car)',2002,32);
INSERT INTO `set` (`num_set`,`nombre`,`año`,`tematica`) VALUES (59,'Naboo Starfighter - UCS',2002,28);
INSERT INTO `set` (`num_set`,`nombre`,`año`,`tematica`) VALUES (60,'Train Engine Shed',2003,54);
INSERT INTO `set` (`num_set`,`nombre`,`año`,`tematica`) VALUES (61,'Lunar Lander',2003,32);
INSERT INTO `set` (`num_set`,`nombre`,`año`,`tematica`) VALUES (62,'Imperial Star Destroyer - UCS',2002,13);
INSERT INTO `set` (`num_set`,`nombre`,`año`,`tematica`) VALUES (63,'Pizza To Go',2002,75);
INSERT INTO `set` (`num_set`,`nombre`,`año`,`tematica`) VALUES (64,'Breezeway Cafe',2002,75);
INSERT INTO `set` (`num_set`,`nombre`,`año`,`tematica`) VALUES (65,'Black Falcon\'s Fortress',2002,58);
INSERT INTO `set` (`num_set`,`nombre`,`año`,`tematica`) VALUES (66,'Black Seas Barracuda',2002,84);
INSERT INTO `set` (`num_set`,`nombre`,`año`,`tematica`) VALUES (67,'Main Street, Reissue',2003,85);
INSERT INTO `set` (`num_set`,`nombre`,`año`,`tematica`) VALUES (68,'American Flag',2003,20);
INSERT INTO `set` (`num_set`,`nombre`,`año`,`tematica`) VALUES (69,'2x2 Electrical Plate',2002,32);
INSERT INTO `set` (`num_set`,`nombre`,`año`,`tematica`) VALUES (70,'Windows and Doors',2002,84);
INSERT INTO `set` (`num_set`,`nombre`,`año`,`tematica`) VALUES (71,'Pillars and Beams',2002,58);
INSERT INTO `set` (`num_set`,`nombre`,`año`,`tematica`) VALUES (72,'Brown Tiles',2002,5);
INSERT INTO `set` (`num_set`,`nombre`,`año`,`tematica`) VALUES (73,'Light Gray Arches',2002,84);
INSERT INTO `set` (`num_set`,`nombre`,`año`,`tematica`) VALUES (74,'Small Wheels and Axles',2002,58);
INSERT INTO `set` (`num_set`,`nombre`,`año`,`tematica`) VALUES (75,'Large Wheels and Axles',2002,63);
INSERT INTO `set` (`num_set`,`nombre`,`año`,`tematica`) VALUES (76,'Gray Fences',2002,5);
INSERT INTO `set` (`num_set`,`nombre`,`año`,`tematica`) VALUES (77,'Transparent Bricks',2002,54);
INSERT INTO `set` (`num_set`,`nombre`,`año`,`tematica`) VALUES (78,'Black Slopes 33',2003,58);
INSERT INTO `set` (`num_set`,`nombre`,`año`,`tematica`) VALUES (79,'Black Slopes 33 3 x 2 and 3 x 4',2003,12);
INSERT INTO `set` (`num_set`,`nombre`,`año`,`tematica`) VALUES (80,'Black Slopes 33 3 x 1 and 3 x 3',2003,63);
INSERT INTO `set` (`num_set`,`nombre`,`año`,`tematica`) VALUES (81,'White Plates 2 x n',2002,12);
INSERT INTO `set` (`num_set`,`nombre`,`año`,`tematica`) VALUES (82,'Black Plates 2 x n',2002,28);
INSERT INTO `set` (`num_set`,`nombre`,`año`,`tematica`) VALUES (83,'Red Plates 2 x n',2002,12);
INSERT INTO `set` (`num_set`,`nombre`,`año`,`tematica`) VALUES (84,'Dark Green Plates 2 x n',2002,32);
INSERT INTO `set` (`num_set`,`nombre`,`año`,`tematica`) VALUES (85,'Light Gray Plates 2 x n',2002,32);
INSERT INTO `set` (`num_set`,`nombre`,`año`,`tematica`) VALUES (86,'Black Plates 1 x n',2002,54);
INSERT INTO `set` (`num_set`,`nombre`,`año`,`tematica`) VALUES (87,'Red Plates 1 x n',2002,54);
INSERT INTO `set` (`num_set`,`nombre`,`año`,`tematica`) VALUES (88,'Dark Green Plates 1 x n',2002,12);
INSERT INTO `set` (`num_set`,`nombre`,`año`,`tematica`) VALUES (89,'Light Gray Plates 1 x n',2002,12);
INSERT INTO `set` (`num_set`,`nombre`,`año`,`tematica`) VALUES (90,'White Plates 1 x n',2002,28);
INSERT INTO `set` (`num_set`,`nombre`,`año`,`tematica`) VALUES (91,'Castle Accessories',2002,5);
INSERT INTO `set` (`num_set`,`nombre`,`año`,`tematica`) VALUES (92,'Mini-Fig Headgear',2002,5);
INSERT INTO `set` (`num_set`,`nombre`,`año`,`tematica`) VALUES (93,'Santa Claus',2002,77);
INSERT INTO `set` (`num_set`,`nombre`,`año`,`tematica`) VALUES (94,'Christmas Tree',2002,63);
INSERT INTO `set` (`num_set`,`nombre`,`año`,`tematica`) VALUES (95,'Reindeer',2002,84);
INSERT INTO `set` (`num_set`,`nombre`,`año`,`tematica`) VALUES (96,'Mr. Bunny',2003,84);
INSERT INTO `set` (`num_set`,`nombre`,`año`,`tematica`) VALUES (97,'TECHNIC Beams',2003,84);
INSERT INTO `set` (`num_set`,`nombre`,`año`,`tematica`) VALUES (98,'Bushes',2003,64);
INSERT INTO `set` (`num_set`,`nombre`,`año`,`tematica`) VALUES (99,'Cross Axles',2003,65);
INSERT INTO `set` (`num_set`,`nombre`,`año`,`tematica`) VALUES (100,'Spider-Man Action Pack',2002,84);

-- Datos de la TABLA contiene
INSERT INTO contiene (`num_pieza`,`num_set`,`color`,`cantidad`) VALUES (0,1,0,200);
INSERT INTO contiene (`num_pieza`,`num_set`,`color`,`cantidad`) VALUES (1,3,121,1);
INSERT INTO contiene (`num_pieza`,`num_set`,`color`,`cantidad`) VALUES (2,17,0,2);
INSERT INTO contiene (`num_pieza`,`num_set`,`color`,`cantidad`) VALUES (3,23,1,1);
INSERT INTO contiene (`num_pieza`,`num_set`,`color`,`cantidad`) VALUES (3,23,2,1);
INSERT INTO contiene (`num_pieza`,`num_set`,`color`,`cantidad`) VALUES (3,23,4,1);
INSERT INTO contiene (`num_pieza`,`num_set`,`color`,`cantidad`) VALUES (3,23,14,1);
INSERT INTO contiene (`num_pieza`,`num_set`,`color`,`cantidad`) VALUES (3,23,15,3);
INSERT INTO contiene (`num_pieza`,`num_set`,`color`,`cantidad`) VALUES (5,5,121,10);
INSERT INTO contiene (`num_pieza`,`num_set`,`color`,`cantidad`) VALUES (6,26,0,120);
INSERT INTO contiene (`num_pieza`,`num_set`,`color`,`cantidad`) VALUES (6,26,1,85);
INSERT INTO contiene (`num_pieza`,`num_set`,`color`,`cantidad`) VALUES (6,26,4,85);
INSERT INTO contiene (`num_pieza`,`num_set`,`color`,`cantidad`) VALUES (6,26,15,120);
INSERT INTO contiene (`num_pieza`,`num_set`,`color`,`cantidad`) VALUES (7,48,31,3);
INSERT INTO contiene (`num_pieza`,`num_set`,`color`,`cantidad`) VALUES (7,49,31,2);
INSERT INTO contiene (`num_pieza`,`num_set`,`color`,`cantidad`) VALUES (7,50,31,6);
INSERT INTO contiene (`num_pieza`,`num_set`,`color`,`cantidad`) VALUES (8,23,10,31);
INSERT INTO contiene (`num_pieza`,`num_set`,`color`,`cantidad`) VALUES (9,23,13,14);
INSERT INTO contiene (`num_pieza`,`num_set`,`color`,`cantidad`) VALUES (9,78,2,368);
INSERT INTO contiene (`num_pieza`,`num_set`,`color`,`cantidad`) VALUES (13,47,28,10);
INSERT INTO contiene (`num_pieza`,`num_set`,`color`,`cantidad`) VALUES (13,65,14,5);
INSERT INTO contiene (`num_pieza`,`num_set`,`color`,`cantidad`) VALUES (14,2,29,42);
INSERT INTO contiene (`num_pieza`,`num_set`,`color`,`cantidad`) VALUES (17,57,40,3);
INSERT INTO contiene (`num_pieza`,`num_set`,`color`,`cantidad`) VALUES (21,2,7,6);
INSERT INTO contiene (`num_pieza`,`num_set`,`color`,`cantidad`) VALUES (26,20,27,5);
INSERT INTO contiene (`num_pieza`,`num_set`,`color`,`cantidad`) VALUES (29,3,12,6);
INSERT INTO contiene (`num_pieza`,`num_set`,`color`,`cantidad`) VALUES (29,18,31,20);
INSERT INTO contiene (`num_pieza`,`num_set`,`color`,`cantidad`) VALUES (32,24,2,114);
INSERT INTO contiene (`num_pieza`,`num_set`,`color`,`cantidad`) VALUES (32,33,25,2);
INSERT INTO contiene (`num_pieza`,`num_set`,`color`,`cantidad`) VALUES (32,55,1,876);
INSERT INTO contiene (`num_pieza`,`num_set`,`color`,`cantidad`) VALUES (33,65,121,25);
INSERT INTO contiene (`num_pieza`,`num_set`,`color`,`cantidad`) VALUES (35,54,60,9);
INSERT INTO contiene (`num_pieza`,`num_set`,`color`,`cantidad`) VALUES (36,45,28,5);
INSERT INTO contiene (`num_pieza`,`num_set`,`color`,`cantidad`) VALUES (41,78,1,245);
INSERT INTO contiene (`num_pieza`,`num_set`,`color`,`cantidad`) VALUES (43,14,13,158);
INSERT INTO contiene (`num_pieza`,`num_set`,`color`,`cantidad`) VALUES (45,10,64,2);
INSERT INTO contiene (`num_pieza`,`num_set`,`color`,`cantidad`) VALUES (45,11,12,3);
INSERT INTO contiene (`num_pieza`,`num_set`,`color`,`cantidad`) VALUES (46,50,0,10);
INSERT INTO contiene (`num_pieza`,`num_set`,`color`,`cantidad`) VALUES (48,27,72,60);
INSERT INTO contiene (`num_pieza`,`num_set`,`color`,`cantidad`) VALUES (49,21,60,2);
INSERT INTO contiene (`num_pieza`,`num_set`,`color`,`cantidad`) VALUES (50,23,25,55);
INSERT INTO contiene (`num_pieza`,`num_set`,`color`,`cantidad`) VALUES (50,45,13,274);
INSERT INTO contiene (`num_pieza`,`num_set`,`color`,`cantidad`) VALUES (55,54,1,168);
INSERT INTO contiene (`num_pieza`,`num_set`,`color`,`cantidad`) VALUES (56,75,25,58);
INSERT INTO contiene (`num_pieza`,`num_set`,`color`,`cantidad`) VALUES (60,30,79,165);
INSERT INTO contiene (`num_pieza`,`num_set`,`color`,`cantidad`) VALUES (62,61,77,5);
INSERT INTO contiene (`num_pieza`,`num_set`,`color`,`cantidad`) VALUES (66,22,14,24);
INSERT INTO contiene (`num_pieza`,`num_set`,`color`,`cantidad`) VALUES (66,93,25,12);
INSERT INTO contiene (`num_pieza`,`num_set`,`color`,`cantidad`) VALUES (73,71,110,15);
INSERT INTO contiene (`num_pieza`,`num_set`,`color`,`cantidad`) VALUES (74,61,71,14);
INSERT INTO contiene (`num_pieza`,`num_set`,`color`,`cantidad`) VALUES (76,62,0,25);
INSERT INTO contiene (`num_pieza`,`num_set`,`color`,`cantidad`) VALUES (77,91,2,14);
INSERT INTO contiene (`num_pieza`,`num_set`,`color`,`cantidad`) VALUES (79,96,13,8);
INSERT INTO contiene (`num_pieza`,`num_set`,`color`,`cantidad`) VALUES (80,65,1,578);
INSERT INTO contiene (`num_pieza`,`num_set`,`color`,`cantidad`) VALUES (85,65,46,2);
INSERT INTO contiene (`num_pieza`,`num_set`,`color`,`cantidad`) VALUES (86,23,19,25);
INSERT INTO contiene (`num_pieza`,`num_set`,`color`,`cantidad`) VALUES (87,74,14,23);
INSERT INTO contiene (`num_pieza`,`num_set`,`color`,`cantidad`) VALUES (90,5,13,4);
INSERT INTO contiene (`num_pieza`,`num_set`,`color`,`cantidad`) VALUES (91,49,64,14);
INSERT INTO contiene (`num_pieza`,`num_set`,`color`,`cantidad`) VALUES (95,42,74,5);
INSERT INTO contiene (`num_pieza`,`num_set`,`color`,`cantidad`) VALUES (97,45,1,3464);
INSERT INTO contiene (`num_pieza`,`num_set`,`color`,`cantidad`) VALUES (97,78,25,445);
INSERT INTO contiene (`num_pieza`,`num_set`,`color`,`cantidad`) VALUES (100,33,117,36);
INSERT INTO contiene (`num_pieza`,`num_set`,`color`,`cantidad`) VALUES (101,11,1,405);
INSERT INTO contiene (`num_pieza`,`num_set`,`color`,`cantidad`) VALUES (101,65,6,1);
INSERT INTO contiene (`num_pieza`,`num_set`,`color`,`cantidad`) VALUES (101,65,22,4);
INSERT INTO contiene (`num_pieza`,`num_set`,`color`,`cantidad`) VALUES (101,65,25,150);
INSERT INTO contiene (`num_pieza`,`num_set`,`color`,`cantidad`) VALUES (104,29,81,6);
INSERT INTO contiene (`num_pieza`,`num_set`,`color`,`cantidad`) VALUES (109,34,112,48);
INSERT INTO contiene (`num_pieza`,`num_set`,`color`,`cantidad`) VALUES (110,6,121,12);
INSERT INTO contiene (`num_pieza`,`num_set`,`color`,`cantidad`) VALUES (112,9,13,1004);
INSERT INTO contiene (`num_pieza`,`num_set`,`color`,`cantidad`) VALUES (116,28,115,3);
INSERT INTO contiene (`num_pieza`,`num_set`,`color`,`cantidad`) VALUES (122,11,121,300);
INSERT INTO contiene (`num_pieza`,`num_set`,`color`,`cantidad`) VALUES (122,13,1,403);
INSERT INTO contiene (`num_pieza`,`num_set`,`color`,`cantidad`) VALUES (123,63,52,10);
INSERT INTO contiene (`num_pieza`,`num_set`,`color`,`cantidad`) VALUES (124,47,92,5);
INSERT INTO contiene (`num_pieza`,`num_set`,`color`,`cantidad`) VALUES (127,45,76,50);
INSERT INTO contiene (`num_pieza`,`num_set`,`color`,`cantidad`) VALUES (130,34,32,7);
INSERT INTO contiene (`num_pieza`,`num_set`,`color`,`cantidad`) VALUES (134,65,13,35);
INSERT INTO contiene (`num_pieza`,`num_set`,`color`,`cantidad`) VALUES (140,84,81,19);
INSERT INTO contiene (`num_pieza`,`num_set`,`color`,`cantidad`) VALUES (145,95,25,4);
INSERT INTO contiene (`num_pieza`,`num_set`,`color`,`cantidad`) VALUES (147,78,76,6);
INSERT INTO contiene (`num_pieza`,`num_set`,`color`,`cantidad`) VALUES (150,99,26,1);
INSERT INTO contiene (`num_pieza`,`num_set`,`color`,`cantidad`) VALUES (153,87,36,11);
INSERT INTO contiene (`num_pieza`,`num_set`,`color`,`cantidad`) VALUES (155,65,1,64);
INSERT INTO contiene (`num_pieza`,`num_set`,`color`,`cantidad`) VALUES (164,85,13,457);
INSERT INTO contiene (`num_pieza`,`num_set`,`color`,`cantidad`) VALUES (165,14,14,87);
INSERT INTO contiene (`num_pieza`,`num_set`,`color`,`cantidad`) VALUES (167,15,14,441);
INSERT INTO contiene (`num_pieza`,`num_set`,`color`,`cantidad`) VALUES (169,80,118,20);
INSERT INTO contiene (`num_pieza`,`num_set`,`color`,`cantidad`) VALUES (170,91,6,10);
INSERT INTO contiene (`num_pieza`,`num_set`,`color`,`cantidad`) VALUES (173,50,80,1);
INSERT INTO contiene (`num_pieza`,`num_set`,`color`,`cantidad`) VALUES (178,94,36,20);
INSERT INTO contiene (`num_pieza`,`num_set`,`color`,`cantidad`) VALUES (179,29,89,30);
INSERT INTO contiene (`num_pieza`,`num_set`,`color`,`cantidad`) VALUES (181,96,34,5);
INSERT INTO contiene (`num_pieza`,`num_set`,`color`,`cantidad`) VALUES (183,11,52,3);
INSERT INTO contiene (`num_pieza`,`num_set`,`color`,`cantidad`) VALUES (186,54,112,2);
INSERT INTO contiene (`num_pieza`,`num_set`,`color`,`cantidad`) VALUES (187,78,1,48);
INSERT INTO contiene (`num_pieza`,`num_set`,`color`,`cantidad`) VALUES (188,62,110,1);
INSERT INTO contiene (`num_pieza`,`num_set`,`color`,`cantidad`) VALUES (190,55,25,75);
INSERT INTO contiene (`num_pieza`,`num_set`,`color`,`cantidad`) VALUES (190,65,13,65);
